File,Time_1,Time_2,Time_4,Time_8
../testes/1.in,0.000689,0.000711,0.001668,0.002762
../testes/2.in,0.000596,0.000778,0.002172,0.001870
../testes/3.in,0.000434,0.000494,0.000786,0.001212
../testes/4.in,0.000565,0.000446,0.000879,0.000775
../testes/5.in,0.000327,0.000306,0.000668,0.000890
