File, sequencial,Time_2,Time_4,Time_8
../testes/1.in, 0.000057,0.000311,0.000365,0.000926
../testes/2.in, 0.000062,0.000268,0.000310,0.000705
../testes/3.in, 0.000045,0.000218,0.000362,0.000458
../testes/4.in, 0.000048,0.000253,0.000481,0.000552
../testes/5.in, 0.000046,0.000161,0.000185,0.000530
